Model_name,r2-score,MSE,RMSE,MAE,
BiLSTM,0.956692593,0.002452668,0.049524418,0.034953382,
BiGRU,0.964605002,0.001827714,0.042751768,0.029179117,
lightGBM,0.980936408,0.000984399,0.031375128,0.021199587,
CNN-BiLSTM,0.973222142,0.001382745,0.037185279,0.013599438,
lightGBM+BiLSTM,0.975197596,0.001280737,0.035787389,0.02360159,
lightGBM+CNN-BiLSTM,0.98745925,0.000647575,0.025447486,0.008720665,
