Model_name,r2-score,MSE,RMSE,MAE
BiLSTM,0.964605002,0.001827714,0.042751768,0.029179117
XGBoost,0.981383997,0.000961286,0.031004615,0.02005486
CNN-BiLSTM,0.973222142,0.001382745,0.037185279,0.013599438
XGBoost+BiLSTM,0.973972159,0.001344016,0.036660822,0.024732692
XGBoost+CNN-BiLSTM,0.987548103,0.000642986,0.025357177,0.008779825
