Model_name,r2-score,MSE,RMSE,MAE,
BiLSTM,0.964605002186,0.001827713656,0.042751767875,0.029179116863,
lightGBM,0.980936407950,0.000984398635,0.031375127651,0.021199587295,
CNN-BiLSTM,0.973222142157,0.001382745006,0.037185279429,0.013599438024,
lightGBM+BiLSTM,0.975197596293,0.001280737245,0.035787389463,0.023601589518,
lightGBM+CNN-BiLSTM,0.987459250011,0.000647574557,0.025447486255,0.008720665110,
